url,priority,owner_role,april_2026_status,live_test_required_before_submit,request_indexing_approved_by,request_indexing_submitted_at,gsc_response,follow_up_check_date,follow_up_status,next_action,notes
https://mango.law/drug-crime-lawyer-delaware-oh,P1,Commercial drug-crimes owner,Not on Google; Discovered - currently not indexed; live test available and indexable; Breadcrumbs/FAQ valid,Yes,,,"2026-05-18 GSC API inspection: Submitted and indexed; indexing allowed; fetch successful; last crawl 2026-05-09T15:46:26Z.",2026-05-18,indexed,No request needed; keep internal links and monitor rankings.,High commercial value; tracker includes seven drug-crime terms.
https://mango.law/protection-order-lawyer-delaware-oh,P1,Commercial protection-order owner,Not on Google; Discovered - currently not indexed; live test available and indexable; Breadcrumbs/FAQ valid,Yes,User approval in Codex thread on 2026-05-18,2026-05-18 14:25 EDT,"2026-05-18 GSC API inspection: Discovered - currently not indexed; no crawl time; no fetch state. 2026-05-18 14:25 EDT manual Request indexing UI response: Indexing requested; URL was added to a priority crawl queue. 2026-05-18 14:26 EDT live test response: URL is available to Google; Page can be indexed; Breadcrumbs and FAQ valid.",2026-05-25,requested,Reinspect on 2026-05-25; keep support links live and monitor coverage.,Protection-order lane includes commercial and CPO variants; Search Console UI confirmed sitemap/referring page before manual request.
https://mango.law/domestic-violence-lawyer-delaware-oh,P1,Commercial domestic-violence owner,Not on Google; Discovered - currently not indexed; live test available and indexable; Breadcrumbs/FAQ valid,Yes,,,"2026-05-18 GSC API inspection: Submitted and indexed; indexing allowed; fetch successful; last crawl 2026-05-09T15:51:51Z.",2026-05-18,indexed,No request needed; keep internal links and monitor rankings.,Domestic-violence owner resolved in April package.
https://mango.law/als-license-suspension-ohio,P1,OVI support owner,Not on Google; Discovered - currently not indexed; live test available and indexable; Breadcrumbs/FAQ valid,Yes,,,"2026-05-18 GSC API inspection: Submitted and indexed; indexing allowed; fetch successful; last crawl 2026-05-09T15:51:55Z.",2026-05-18,indexed,No request needed; keep internal links from OVI/refusal/Liv's Law content.,Supports ALS/license-suspension lead urgency.
https://mango.law/ovi-test-refusal-lawyer-ohio,P1,OVI support owner,Not on Google; Discovered - currently not indexed; live test available and indexable; Breadcrumbs/FAQ valid,Yes,,,"2026-05-18 GSC API inspection: Submitted and indexed; indexing allowed; fetch successful; last crawl 2026-05-09T15:51:55Z.",2026-05-18,indexed,No request needed; keep internal links from OVI/refusal/Liv's Law content.,Supports refusal and breath-test query set.
https://mango.law/blog/ohio-livs-law-ovi-changes,P1,Fresh OVI law-change support post,Added in April plan/source as first new post; inspect only after confirmed live and indexable,Yes,,,"2026-05-18 GSC API inspection: Submitted and indexed; indexing allowed; fetch successful; last crawl 2026-04-27T04:03:18Z.",2026-05-18,indexed,No request needed; keep support links live.,"Freshness asset supports OVI owner, ALS, refusal, felony, suppression, first-offense, and contact paths."
https://mango.law/blog/high-tier-ovi-ohio-17-test,P1,Fresh high-tier OVI support post,Added in May SEO/AEO round; inspect only after confirmed live and indexable,Yes,User approval in Codex thread on 2026-05-05,2026-05-04 23:42 EDT,"2026-05-18 GSC API inspection: Submitted and indexed; indexing allowed; fetch successful; last crawl 2026-05-05T03:21:40Z. Prior 2026-05-04 request-indexing submission confirmed added to a priority crawl queue.",2026-05-18,indexed,No request needed; keep internal links and GBP posts live.,"Supports high-tier OVI, high test OVI, .17 OVI, ALS, first-offense, felony, and OVI owner paths."
https://mango.law/blog/ovi-refusal-vs-failed-test-ohio,P1,Fresh OVI refusal support post,Added in May SEO/AEO round; inspect only after confirmed live and indexable,Yes,User approval in Codex thread on 2026-05-05,2026-05-04 23:42 EDT,"2026-05-18 GSC API inspection: Submitted and indexed; indexing allowed; fetch successful; last crawl 2026-05-05T03:22:45Z. Prior 2026-05-04 request-indexing submission confirmed added to a priority crawl queue.",2026-05-18,indexed,No request needed; keep internal links and GBP posts live.,"Supports OVI refusal owner, ALS, first-offense OVI, suppression, and OVI owner paths."
https://mango.law/blog/domestic-violence-arrest-delaware-county-ohio,P1,Fresh domestic-violence support post,Added in May SEO/AEO round; inspect only after confirmed live and indexable,Yes,User approval in Codex thread on 2026-05-05,2026-05-04 23:42 EDT,"2026-05-18 GSC API inspection: Submitted and indexed; indexing allowed; fetch successful; last crawl 2026-05-05T02:24:04Z. Prior 2026-05-04 request-indexing submission confirmed added to a priority crawl queue.",2026-05-18,indexed,No request needed; keep internal links and GBP posts live.,"Supports domestic-violence owner, protection-order owner, no-contact issues, criminal-defense owner, and Delaware County process queries."
https://mango.law/blog/delaware-county-criminal-case-timeline,P1,Fresh criminal-defense support post,Added in May SEO/AEO round; inspect only after confirmed live and indexable,Yes,User approval in Codex thread on 2026-05-05,2026-05-04 23:42 EDT,"2026-05-18 GSC API inspection: Submitted and indexed; indexing allowed; fetch successful; last crawl 2026-05-05T03:30:56Z. Prior 2026-05-04 request-indexing submission confirmed added to a priority crawl queue.",2026-05-18,indexed,No request needed; keep internal links and GBP posts live.,"Supports Delaware County criminal defense owner, bond/jail, DV arrest, first OVI court date, motion-practice, and drug possession paths."
https://mango.law/blog/ohio-misdemeanor-vs-felony-charges-delaware-county,P1,Fresh criminal-defense support post,Added in May SEO/AEO round; inspect only after confirmed live and indexable,Yes,User approval in Codex thread on 2026-05-05,2026-05-04 23:42 EDT,"2026-05-18 GSC API inspection: Submitted and indexed; indexing allowed; fetch successful; last crawl 2026-05-05T03:35:03Z. Prior 2026-05-04 request-indexing submission confirmed added to a priority crawl queue.",2026-05-18,indexed,No request needed; keep internal links and GBP posts live.,"Supports misdemeanor lawyer Delaware Ohio, felony lawyer Delaware Ohio, and criminal-defense owner clustering."
https://mango.law/blog/drug-ovi-ohio,P1,Fresh drug-OVI support post,Added in May SEO/AEO round; inspect only after confirmed live and indexable,Yes,User approval in Codex thread on 2026-05-05,2026-05-04 23:42 EDT,"2026-05-18 GSC API inspection: Submitted and indexed; indexing allowed; fetch successful; last crawl 2026-05-05T03:41:40Z. Prior 2026-05-04 request-indexing submission confirmed added to a priority crawl queue.",2026-05-18,indexed,No request needed; keep internal links and GBP posts live.,"Supports OVI owner, drug-crime owner, motion-to-suppress OVI, refusal/ALS, marijuana OVI, prescription-drug OVI, blood/urine testing, and oral-fluid testing queries."
https://mango.law/blog/civil-protection-order-hearing-delaware-county-ohio,P1,Fresh protection-order support post,Added in May SEO/AEO round; inspect only after confirmed live and indexable,Yes,User approval in Codex thread on 2026-05-05,2026-05-04 23:42 EDT,"2026-05-18 GSC API inspection: Submitted and indexed; indexing allowed; fetch successful; last crawl 2026-05-04T12:01:33Z. Prior 2026-05-04 request-indexing submission confirmed added to a priority crawl queue.",2026-05-18,indexed,No request needed; keep internal links and GBP posts live.,"Supports protection-order owner, civil protection order lawyer Delaware Ohio, CPO hearing Delaware County Ohio, DV overlap, no-contact order, and criminal-defense support paths."
https://mango.law/blog/drug-possession-in-car-ohio,P1,Fresh drug-crime support post,Added in May SEO/AEO round; inspect only after confirmed live and indexable,Yes,User approval in Codex thread on 2026-05-05,2026-05-04 23:42 EDT,"2026-05-18 GSC API inspection: Submitted and indexed; indexing allowed; fetch successful; last crawl 2026-05-05T03:42:48Z. Prior 2026-05-04 request-indexing submission confirmed added to a priority crawl queue.",2026-05-18,indexed,No request needed; keep internal links and GBP posts live.,"Supports drug-crime owner, traffic-stop drug possession Ohio, constructive possession, passenger possession, possession/trafficking, motion-practice, and drug-OVI overlap paths."
