date,owner,status,decision,blocker,next_action
2026-04-24,Workstream lead,Started,"Split workbook package into non-overlapping CSV artifacts for parallel no-admin execution.","Authenticated browser ownership is not assigned.","Complete repo/docs-derived CSVs before any Google Ads, BrightLocal, Ahrefs, GSC, GA4, GTM, GBP, or citation dashboard work."
2026-04-24,Workstream lead,Started,"Treat /ovi-dui-defense-delaware-oh as the Delaware OVI owner page; /delaware-ohio-ovi-lawyer is redirected and should not receive separate owner assignments.","None for no-admin workbook setup.","Keep redirected URL out of tracked-owner rows except as a redirect note."
2026-04-24,Workstream lead,Superseded,"Initial phase treated live admin writes as blocked.","User later authorized non-billing execution in authenticated tools.","Proceed with non-billing setup and stop at payment, campaign launch, subscription, or spend actions."
2026-04-24,Workstream lead,Active constraint,"Do not submit billing/payment, create paid campaigns, launch ads, upgrade subscriptions, or click payment confirmation surfaces.","Google Ads payment confirmation now shows a saved Visa ending 7795, temporary $50 authorization language, and automatic-payment terms.","Stop before Submit; finish all non-billing setup, documentation, validation, source patches, and deploy path work."
2026-04-24,Workstream lead,Draft complete,"No-admin workbook CSV package populated across page ownership, keyword seeds, GSC queue, analytics/on-site support, off-site queue, and account status.","Planner, BrightLocal, Ahrefs, GSC, GA4, GTM, GBP, and citation dashboard evidence still requires a future primary browser owner.","Review draft rows, then assign one browser owner for read-only captures before any admin-write approvals."
2026-04-24,Workstream lead,Draft complete,"Final no-admin tracking recommendation and 10-post publishing plan added from repo, public SERP, official-source, and source-code validation.","Authenticated metrics and live account confirmation remain unavailable in this environment.","Use final-tracked-keywords.csv and blog-publishing-plan-2026-04.csv for review, then fill authenticated metrics before upload/publish/reporting baselines."
2026-04-24,Workstream lead,Complete,"Authenticated Google Ads, GSC, GA4, GTM, BrightLocal, and Ahrefs passes completed; Google Ads remains blocked, while GA4 is verified and generate_lead is configured as a key event.","Google Ads has no active Mango customer available in Keyword Planner; GA4 does not yet show live generate_lead stream data for source lead_submitted activity.","Use the local 50-keyword seed list for Ads upload after Mango Ads customer access is active; validate a test lead into GA4 generate_lead before using conversion counts in SEO reporting."
2026-04-24,Workstream lead,Complete,"OVI checkpoint scraper fixed, deployed, triggered, and production data verified for current late-April rows with geocoded map locations.","Long-term daily cron health still needs monitoring after the manual recovery.","Monitor through Cinco de Mayo and verify future scheduled scraper logs continue to create current rows."
2026-04-24,Workstream lead,Complete,"Source tracking patched so page_view is emitted from one route-change path and PageHero primary tel/mailto CTAs emit cta_click plus lead_submitted where applicable.","Live DebugView validation is still needed after deployment and consent acceptance.","Deploy the source patch, then use GA4 DebugView/Realtime to confirm page_view, cta_click, and generate_lead behavior before publishing the first post."
2026-04-24,Workstream lead,Complete,"BrightLocal and Ahrefs baselines captured without admin writes.","BrightLocal keyword tracker is not yet remapped to the validated 50-keyword set, citation phone cleanup remains pending, and Ahrefs shows no Mango organic keyword footprint to validate topic priority.","Update BrightLocal tracked keywords only after admin-write approval; use Ahrefs zero-keyword baseline as a gap signal while validating topics through GSC, SERPs, and official-source intent."
2026-04-25,Workstream lead,Complete,"Google Ads non-billing setup was advanced through account-only/leave-campaign flow and confirmed country/timezone/currency.","The next Ads step is payment confirmation with a saved card, temporary $50 authorization, and automatic-payment terms.","No Submit/payment action taken. Mango still does not appear as an active selectable Keyword Planner account in the MCC, so Planner metrics remain blocked."
2026-04-25,Workstream lead,Complete,"GSC priority URL Inspection pass completed for P0/P1 owner pages and checkpoint resources.","Five live-test-valid P1 pages are Discovered - currently not indexed and need request-indexing submission only after action-time confirmation.","Use gsc-indexing-queue.csv for the exact indexability list; prioritize drug-crime, protection-order, domestic-violence, ALS, and OVI test-refusal owner/support pages."
2026-04-24,Workstream lead,Complete,"First post from the 10-post ROI plan was added to src/data/blogPosts.ts as /blog/ohio-livs-law-ovi-changes.","Publish date is aligned to the site timezone so the post is eligible to render immediately after production deployment.","Post is sourced to official Ohio HB 37, ORC, BMV, and LSC sources and internally links to the OVI, ALS, refusal, felony, suppression, first-offense, and contact pages."
