keyword,lane,reason_deferred,required_page_or_evidence,review_date
columbus ovi lawyer,Delaware OVI/DUI defense,Current owner is Delaware-focused and Columbus fit needs validation,Planner or GSC evidence plus county or local owner decision,2026-05-24
franklin county ovi lawyer,Delaware OVI/DUI defense,Expansion geo needs page fit before consuming tracker capacity,Planner or GSC evidence plus Franklin County owner plan,2026-05-24
ohio ovi lawyer,Delaware OVI/DUI defense,Broad statewide commercial term may be too diffuse for current local owner,Planner demand and SERP feasibility evidence,2026-05-24
franklin county criminal defense attorney,Criminal defense,Expansion geo requires owner fit or future county page,Planner or GSC evidence plus Franklin County page decision,2026-05-24
columbus criminal defense attorney,Criminal defense,High-value expansion term but no Columbus-specific owner page,Planner or Ahrefs evidence plus page ownership plan,2026-05-24
drug possession vs trafficking ohio,Drug crimes,Informational support topic should not replace commercial drug owner,Planner GSC or Ahrefs support for glossary or blog owner,2026-05-24
no contact order lawyer ohio,Protection orders,Related to protection orders but current page ownership needs confirmation,Planner evidence and owner-page mapping,2026-05-24
domestic violence first offense ohio,Domestic violence,Support owner exists but commercial local ownership is unsettled,GSC or Planner evidence plus owner selection,2026-05-24
als suspension ohio lawyer,License suspension / ALS,OVI support term set requires demand evidence before live tracking,Planner or GSC support for ALS page,2026-05-24
license suspension lawyer ohio,License suspension / ALS,Support-page term should not displace core OVI and criminal slots,Planner or GSC support for ALS page,2026-05-24
ovi test refusal lawyer ohio,OVI test refusal,Support page exists but term may be lower volume than core OVI,Planner or GSC support for refusal page,2026-05-24
field sobriety test refusal ohio,OVI test refusal,Problem-aware informational query needs demand validation,Planner or GSC support for refusal page,2026-05-24
motion to suppress ovi ohio,Motion to suppress,Problem-aware support topic needs evidence before tracking,Planner GSC or Ahrefs support for motion page,2026-05-24
first offense ovi ohio,First offense OVI,Dedicated page exists but live tracker use needs demand evidence,Planner or GSC support for first-offense page,2026-05-24
felony ovi lawyer ohio,Felony OVI,High-value support topic pending validation,Planner or Ahrefs evidence for felony OVI page,2026-05-24
ohio dui checkpoints,Checkpoints,Recency-sensitive resource should be tracked only with maintained update process,Confirmed update cadence plus GSC or Planner support,2026-05-24
columbus dui checkpoints,Checkpoints,Geo resource query is recency-sensitive and may need local content freshness,Confirmed checkpoint update cadence plus evidence,2026-05-24
ohio ovi checkpoints,Checkpoints,Resource owner exists but query should wait for maintained freshness,Confirmed update cadence plus GSC or Planner support,2026-05-24
ohio ovi lookback period,Glossary / statutes,Informational OVI support topic should not consume scarce commercial slots,GSC or Planner support for blog owner,2026-05-24
ohio datamaster breath test,Glossary / statutes,Technical trust topic needs search evidence before tracking,GSC Planner or Ahrefs support for glossary owner,2026-05-24
nhtsa sfst certified attorney ohio,Glossary / statutes,Credential-related query may be low volume and needs proof of demand,Planner or Ahrefs evidence plus approved positioning,2026-05-24
sex crime lawyer delaware ohio,Sex crimes,Sensitive lower-priority lane requires strong evidence before live tracking,Planner or Ahrefs support and reputation review,2026-05-24
sexual battery defense ohio,Sex crimes,Sensitive statewide variant lacks local validation,Planner or Ahrefs support and page fit review,2026-05-24
white collar crime attorney delaware ohio,White collar,Lower-priority commercial lane unless research shows demand,Planner or Ahrefs support for live owner,2026-05-24
theft fraud defense lawyer ohio,White collar,Setup brief lists variant but priority is lower than OVI and criminal defense,Planner or Ahrefs support and owner fit,2026-05-24
personal injury lawyer delaware ohio,Personal injury,Secondary campaign only and should not consume criminal-defense tracker capacity,Explicit approval plus Planner evidence,2026-05-24
dublin dui lawyer,Suburb expansion,No-thin-city-page rule defers suburb terms,Planner evidence plus differentiated county or suburb owner plan,2026-05-24
powell ovi attorney,Suburb expansion,No-thin-city-page rule defers suburb terms,Planner evidence plus differentiated county or suburb owner plan,2026-05-24
westerville criminal defense lawyer,Suburb expansion,No-thin-city-page rule defers suburb terms,Planner evidence plus differentiated county or suburb owner plan,2026-05-24
new albany ovi attorney,Suburb expansion,No-thin-city-page rule defers suburb terms,Planner evidence plus differentiated county or suburb owner plan,2026-05-24
union county ovi lawyer,Rural county expansion,Future county page candidate without current owner,Planner or GSC evidence plus county page approval,2026-05-24
morrow county criminal defense attorney,Rural county expansion,Future county page candidate without current owner,Planner or GSC evidence plus county page approval,2026-05-24
marion county criminal defense attorney,Rural county expansion,Future county page candidate without current owner,Planner or GSC evidence plus county page approval,2026-05-24
expungement lawyer delaware ohio,Unconfirmed service,Service priority not confirmed in local strategy,Client service approval plus evidence and owner page,2026-05-24
